{
  "src": [
    "sounds.mp3"
  ],
  "sprite": {
    "Bld_H1": [
      0,
      182.85714285714286
    ],
    "Brk_Snr": [
      2000,
      208.97959183673453
    ],
    "Chord_1": [
      4000,
      1488.9795918367347
    ],
    "Chord_2": [
      7000,
      1071.0204081632658
    ],
    "Chord_3": [
      10000,
      2586.122448979591
    ],
    "Clap": [
      14000,
      235.1020408163258
    ],
    "Closed_HH": [
      16000,
      78.36734693877645
    ],
    "Dry_Ohh": [
      18000,
      313.4693877551023
    ],
    "Give_us_a_light": [
      20000,
      313.4693877551023
    ],
    "Heater_4": [
      22000,
      261.224489795918
    ],
    "Heater-1": [
      24000,
      548.571428571428
    ],
    "Heater-2": [
      26000,
      365.7142857142866
    ],
    "Heater-3": [
      28000,
      339.5918367346944
    ],
    "Kick": [
      30000,
      809.795918367346
    ],
    "Kick_n_Hat": [
      32000,
      417.9591836734673
    ],
    "Open_HH": [
      34000,
      496.32653061224374
    ],
    "punchy_kick_1": [
      36000,
      313.4693877550987
    ],
    "side_stick_1": [
      38000,
      208.9795918367372
    ]
  }
}